old_class,new_class
ambient,activation-ambient
ambient-a,activation-ambient-a
ambient-b,activation-ambient-b
ambient-specks,activation-ambient-specks
blob-svg,activation-blob-svg
primary,activation-button-primary
secondary,activation-button-secondary
c3,activation-capability--display
c2,activation-capability--display-contest
c4,activation-capability--event
c1,activation-capability--merchandising
c5,activation-capability--promotion
c0,activation-capability--sampling
c6,activation-capability--selling
cap-card,activation-capability-card
card-copy,activation-capability-description
ico,activation-capability-icon
bars,activation-chart-bars
connection,activation-connection
core-rings,activation-core-rings
core-wrap,activation-core-wrap
cyan,activation-cyan
console,activation-dashboard
console-grid,activation-dashboard-grid
console-head,activation-dashboard-header
gps,activation-gps
gps-panel,activation-gps-panel
hero,activation-hero
actions,activation-hero-actions
copy,activation-hero-copy
lead,activation-hero-description
activation-map,activation-map
orbit,activation-orbit
orbit-dot,activation-orbit-dot
orbit-field,activation-orbit-field
orbit-inner,activation-orbit-inner
orbit-middle,activation-orbit-middle
orbit-near,activation-orbit-near
orbit-outer,activation-orbit-outer
orbit-svg,activation-orbit-svg
orbit-wide,activation-orbit-wide
page-glow,activation-page-glow
panel-title,activation-panel-title
radar,activation-radar
radar-pin,activation-radar-pin
radar-wave,activation-radar-wave
satellite,activation-satellite
fact-icon,activation-statistic-icon
facts,activation-statistics
telemetry-panel,activation-telemetry-panel
dots,activation-window-dots
account-alert,app-account-alert
inactive-alert,app-account-alert--inactive
alert-action,app-alert-action
alert-icon,app-alert-icon
back-link,app-back-link
btn,app-button
btn-outline,app-button--outline
mini-label,app-demo-label
reference-detail,app-detail--reference
reports-detail,app-detail--reports
detail-heading,app-detail-heading
detail-panel,app-detail-panel
detail-section,app-detail-section
detail-section-title,app-detail-section-title
detail-shortcuts,app-detail-shortcuts
detail-title-icon,app-detail-title-icon
detail-title-row,app-detail-title-row
experience-grid,app-experience-layout
eye-button,app-eye-button
glass-tile,app-glass-tile
headline-line,app-headline-line
home-screen-art,app-home-image
home-screen-artwrap,app-home-image-wrapper
instruction-list,app-instruction-list
intro-copy,app-intro-copy
journey-group,app-journey-group
journey-items,app-journey-items
journey-link,app-journey-link
journey-panel,app-journey-panel
login-art,app-login-art
login-flow,app-login-flow
flow-step,app-login-step
modal-close,app-modal-close
app-page,app-page
panel,app-panel
password-field,app-password-field
app-pattern,app-pattern
app-pattern-arc,app-pattern-arc
app-pattern-arc-one,app-pattern-arc-one
app-pattern-arc-two,app-pattern-arc-two
app-pattern-dots,app-pattern-dots
app-pattern-dots-one,app-pattern-dots-one
app-pattern-dots-two,app-pattern-dots-two
phone,app-phone
phone-address,app-phone-address
phone-back,app-phone-back
phone-brand,app-phone-brand
phone-forgot,app-phone-forgot
phone-form,app-phone-form
phone-home,app-phone-home
phone-login,app-phone-login
phone-notch,app-phone-notch
phone-pedestal,app-phone-pedestal
phone-scene,app-phone-scene
phone-screen,app-phone-screen
phone-status,app-phone-status
phone-submit,app-phone-submit
phone-tile,app-phone-tile
phone-toolbar,app-phone-toolbar
phone-version,app-phone-version
quick-test-action,app-quick-test-action
quick-test-card,app-quick-test-card
quick-test-condition,app-quick-test-condition
quick-test-detail,app-quick-test-detail
quick-test-icon,app-quick-test-icon
quick-test-note,app-quick-test-note
quick-test-requirements,app-quick-test-requirements
quick-test-result,app-quick-test-result
quick-test-results,app-quick-test-results
quick-test-steps,app-quick-test-steps
quiz-question,app-quiz-question
report-card,app-report-card
report-catalog,app-report-catalog
result-box,app-result-box
scene-decoration,app-scene-decoration
scene-tree,app-scene-tree
schedule-placeholder,app-screen-placeholder
placeholder-blue,app-screen-placeholder--blue
placeholder-cyan,app-screen-placeholder--cyan
schedule-app-icon,app-screen-placeholder-icon
standard-detail,app-standard-detail
step-actions,app-step-actions
step-badge,app-step-badge
tile-one,app-tile-one
tile-three,app-tile-three
tile-two,app-tile-two
toast,app-toast
app-cta,overview-app-link
banner-art,overview-banner-art
detail-link,overview-detail-link
overview-dialog,overview-dialog
dialog-close,overview-dialog-close
feature-art,overview-feature-art
feature-banner,overview-feature-banner
feature-card,overview-feature-card
feature-checks,overview-feature-checks
feature-copy,overview-feature-copy
atlas-art,overview-feature-illustration
atlas-art--7,overview-feature-illustration--sampling
feature-layout,overview-feature-layout
feature-list,overview-feature-list
feature-main,overview-feature-main
feature-menu,overview-feature-menu
feature-menu__links,overview-feature-menu-links
feature-output,overview-feature-output
feature-section,overview-feature-section
feature-sidebar,overview-feature-sidebar
flow-card,overview-flow-card
flow-card--control,overview-flow-card--control
flow-card--execute,overview-flow-card--execute
flow-card--result,overview-flow-card--result
flow-card--setup,overview-flow-card--setup
flow-core,overview-flow-core
flow-grid,overview-flow-grid
flow-status,overview-flow-status
handnote,overview-handwritten-note
overview-hero,overview-hero
hero-actions,overview-hero-actions
hero-copy,overview-hero-copy
hero-flow,overview-hero-flow
hero-lead,overview-hero-lead
hero-sheen,overview-hero-sheen
hero-sheen--left,overview-hero-sheen--left
hero-sheen--right,overview-hero-sheen--right
overview-main,overview-main
orbit-art,overview-orbit-art
orbit-art--catalog-left,overview-orbit-art--catalog-left
orbit-art--catalog-right,overview-orbit-art--catalog-right
play-icon,overview-play-icon
sampling-dialog,overview-sampling-dialog
sampling-steps,overview-sampling-steps
sidebar-art,overview-sidebar-art
step-art,overview-step-art
step-caption,overview-step-caption
admin-view-content,roles-admin-view-content
admin-view-tab,roles-admin-view-tab
admin-view-tab__icon,roles-admin-view-tab-icon
admin-view-tab__number,roles-admin-view-tab-number
admin-view-tabs,roles-admin-view-tabs
analysis-visual,roles-analysis-visual
analysis-visual--cube,roles-analysis-visual--cube
analysis-visual--globe,roles-analysis-visual--globe
audience-panel,roles-audience-panel
audience-panel__top,roles-audience-panel-top
audience-tab,roles-audience-tab
audience-tab__icon,roles-audience-tab-icon
audience-tabs,roles-audience-tabs
role-badge,roles-badge
role-badge--a,roles-badge--admin
role-badge--user,roles-badge--user
same-yellow,roles-comparison--different
same,roles-comparison--similar
same-green,roles-comparison--system-s
comparison-summary,roles-comparison-summary
comparison-summary__detail,roles-comparison-summary-detail
comparison-summary__title,roles-comparison-summary-title
comparison-table,roles-comparison-table
comparison-table-wrap,roles-comparison-table-wrap
analysis-section__inner,roles-content
analysis-section__heading,roles-heading
impact-copy,roles-impact-copy
impact-frames,roles-impact-frames
impact-metric-track,roles-impact-metric-track
impact-metrics,roles-impact-metrics
impact-panel,roles-impact-panel
analysis-section,roles-section
system-logo,roles-system-logo
system-logo--a,roles-system-logo--a
system-logo--s,roles-system-logo--s
footer,site-footer
footer-content,site-footer-content
footer-logo,site-footer-logo
footer-nav,site-footer-nav
footer-dot,site-footer-separator
footer-text,site-footer-text
header,site-header
header-logo,site-header-logo
header-menu,site-header-nav
logo-icon,site-logo-mark
logo-text,site-logo-text
menu-item,site-nav-link
active,site-nav-link--active
is-active,state-active
dialog-open,state-dialog-open
error,state-error
is-fail,state-failed
has-active,state-has-active
is-pass,state-passed
is-rolling,state-rolling
is-scroll-scene,state-scroll-scene
is-selected,state-selected
visible,state-shown
is-visible,state-visible
is-visited,state-visited
icon,ui-icon
icon-library,ui-icon-library
intro,ui-page-intro
eyebrow,ui-section-label
skip-link,ui-skip-link
svg-library,ui-svg-library
